rank,query
70,shoe rack
275,closet organizers and storage
707,bathroom organizers and storage
1041,storage bins with lids
1107,shoe cabinet
1327,closet organizer
1353,pantry organizers and storage
1378,spice rack
1388,makeup organizer
1487,under sink organizer
1549,shoe rack for entryway
1550,jewelry organizer
1596,over the toilet storage cabinet
1667,jewelry organizers and storage
1694,clothes rack
1793,dog food storage container
1843,toy storage
1848,shoe rack for closet
1867,storage bins
2056,shower organizer
2059,old spice deodorant for men
1028,under cabinet lighting
493,meal prep containers
1207,jewelry box
892,stuffed animal storage
672,shower caddy
796,desk organizer
697,drawer organizer
155,laundry basket
110,pill organizer
332,book shelf
450,floating shelves
1498,tool box
187,trash bags
416,crossbody bags for women
437,lunch box for women
862,basketball
1624,box cutter
2,needoh
1,tinnitus relief for ringing ears
99999,glass food storage containers with lids
99998,ornament storage box
99997,christmas tree storage bag
99996,lego display shelf
99995,lego
99994,makeup
99993,garage storage
99992,over the door organizer
99991,vacuum storage bags
99990,clear stackable storage bins
